<Anims>
 <anim name="idle" root="pillar_icecave" numframes="75" framerate="40">
  <frame idx="0" w="1587" h="4124" x="-23.000305" y="-1111.632813">
   <element name="pillar" layername="pillar" frame="0" z_index="2" m_a="1.000000" m_b="0.000000" m_c="0.000000" m_d="1.000000" m_tx="3.021346" m_ty="5.701427"/>
   <element name="shdw" layername="shdw" frame="0" z_index="3" m_a="1.191555" m_b="-0.009645" m_c="0.006360" m_d="0.785755" m_tx="39.900002" m_ty="104.349998"/>
   <element name="pillar" layername="pillar" frame="1" z_index="1" m_a="1.000000" m_b="0.000000" m_c="0.000000" m_d="1.000000" m_tx="-45.438721" m_ty="-2242.071777"/>
  </frame>
  <frame idx="25" w="1587" h="4124" x="-23.000305" y="-1111.632813">
   <element name="pillar" layername="pillar" frame="0" z_index="2" m_a="1.000000" m_b="0.000000" m_c="0.000000" m_d="1.000000" m_tx="3.021346" m_ty="5.701427"/>
   <element name="shdw" layername="shdw" frame="0" z_index="3" m_a="1.191555" m_b="-0.009645" m_c="0.006360" m_d="0.785755" m_tx="39.900002" m_ty="104.349998"/>
   <element name="pillar" layername="pillar" frame="1" z_index="1" m_a="1.000000" m_b="0.000000" m_c="0.000000" m_d="1.000000" m_tx="-45.438721" m_ty="-2242.071777"/>
  </frame>
  <frame idx="50" w="1587" h="4124" x="-23.000305" y="-1111.632813">
   <element name="pillar" layername="pillar" frame="0" z_index="2" m_a="1.000000" m_b="0.000000" m_c="0.000000" m_d="1.000000" m_tx="3.021346" m_ty="5.701427"/>
   <element name="shdw" layername="shdw" frame="0" z_index="3" m_a="1.191555" m_b="-0.009645" m_c="0.006360" m_d="0.785755" m_tx="39.900002" m_ty="104.349998"/>
   <element name="pillar" layername="pillar" frame="1" z_index="1" m_a="1.000000" m_b="0.000000" m_c="0.000000" m_d="1.000000" m_tx="-45.438721" m_ty="-2242.071777"/>
  </frame>
 </anim>
</Anims>
